original_name,canonical_name,action
"大米(稻米、黍、稻谷?,A01004""",,removed
VC啤酒,VC啤酒,kept
丁珠鱼,丁珠鱼,kept
丁香,丁香,kept
丁香鱼(干),丁香鱼(干),kept
三刀蜜,三刀蜜,kept
三粮小麦(55度),三粮小麦(55度),kept
三鲜豆皮,三鲜豆皮,kept
东方对虾,东方对虾,kept
丝瓜,丝瓜,kept
丝路春酒,丝路春酒,kept
两公婆,两公婆,kept
中华沙棘酒,中华沙棘酒,kept
中华猕猴桃,中华猕猴桃,kept
中国对虾,中国对虾,kept
中国红葡萄酒(16度),中国红葡萄酒(16度),kept
中国鲎,中国鲎,kept
乌林春酒,乌林春酒,kept
乌枣,乌枣,kept
乌梅,乌梅,kept
乌贼(鲜),乌贼(鲜),kept
乌鱼蛋,乌鱼蛋,kept
乌鳢,乌鳢,kept
乌鸦肉,乌鸦肉,kept
九九鱼,九九鱼,kept
乳儿糕,乳儿糕,kept
乳黄瓜,乳黄瓜,kept
二锅头(58度),二锅头(58度),kept
云耳,云耳,kept
云耳(水发),云耳(水发),kept
五星啤酒,五星啤酒,kept
五花肋条(牛),五花肋条(牛),kept
五谷香,五谷香,kept
五酿春(44.4度),五酿春(44.4度),kept
五香粉,五香粉,kept
京八件,京八件,kept
京式黄酥,京式黄酥,kept
人参果,人参果,kept
什锦菜,什锦菜,kept
优糯米,优糯米,kept
低度汉酒(37.2度),低度汉酒(37.2度),kept
余甘子,余甘子,kept
佛手瓜,佛手瓜,kept
佛手疙瘩,佛手疙瘩,kept
倭瓜,倭瓜,kept
假蜜环菌,假蜜环菌,kept
健儿粉,健儿粉,kept
健儿粉(莲子),健儿粉(莲子),kept
元红,元红,kept
兔肉,兔肉,kept
兔肉(野),兔肉(野),kept
全料蒸肉粉,全料蒸肉粉,kept
全蛋粉,全蛋粉,kept
八宝菜(酱),八宝菜(酱),kept
八爪鱼,八爪鱼,kept
八角,八角,kept
八角鱼,八角鱼,kept
六线鱼,六线鱼,kept
冬瓜,冬瓜,kept
冬苋菜,冬苋菜,kept
冬菇,冬菇,kept
冬菇,冬菇,kept
冬菇(干),冬菇(干),kept
冬菜,冬菜,kept
冰川可乐,冰川可乐,kept
冰棍,冰棍,kept
冰淇淋,冰淇淋,kept
冰淇淋粉,冰淇淋粉,kept
冰砖,冰砖,kept
冰糖,冰糖,kept
冻菜,冻菜,kept
凉州曲酒,凉州曲酒,kept
凉瓜,凉瓜,kept
凉粉,凉粉,kept
凉粉(带调料),凉粉(带调料),kept
凤尾酥,凤尾酥,kept
凤梨,凤梨,kept
凤梨草莓,凤梨草莓,kept
凸眼鱼,凸眼鱼,kept
刀豆,刀豆,kept
刀鱼,刀鱼,kept
刺玫汁(纸盒),刺玫汁(纸盒),kept
前肘(猪),前肘(猪),kept
北京啤酒,北京啤酒,kept
北京烤鸭,北京烤鸭,kept
北京特制啤酒(6度),北京特制啤酒(6度),kept
千张,千张,kept
午餐肉,午餐肉,kept
午餐肝,午餐肝,kept
南瓜,南瓜,kept
南瓜子(炒),南瓜子(炒),kept
南瓜子仁,南瓜子仁,kept
南瓜果脯,南瓜果脯,kept
卤干,卤干,kept
卤煮鸡,卤煮鸡,kept
卤猪杂,卤猪杂,kept
卷心菜,卷心菜,kept
压缩干粮,压缩干粮,kept
又孢蘑菇,又孢蘑菇,kept
叉烧肉,叉烧肉,kept
双喜沙棘酒,双喜沙棘酒,kept
发芽豆,发芽豆,kept
发菜,发菜,kept
口头鱼,口头鱼,kept
口条(猪),口条(猪),kept
口蘑,口蘑,kept
口蘑(香杏片),口蘑(香杏片),kept
可可粉,可可粉,kept
台湾枪乌贼,台湾枪乌贼,kept
台湾枪乌贼(鲜),台湾枪乌贼(鲜),kept
合锦菜,合锦菜,kept
吊蛋,吊蛋,kept
后坐(火腿),后坐(火腿),kept
后肘(猪),后肘(猪),kept
味精,味精,kept
咸沙葱,咸沙葱,kept
咸肉,咸肉,kept
咸马鲛,咸马鲛,kept
啤酒,啤酒,kept
善酿酒,善酿酒,kept
喜乐(乳酸饮料),喜乐(乳酸饮料),kept
喜头鱼,喜头鱼,kept
喜得乐,喜得乐,kept
喜鱼(多鳞喜),喜鱼(多鳞喜),kept
喜鹊肉,喜鹊肉,kept
四季豆(菜豆),四季豆(菜豆),kept
园榧,园榧,kept
圆白菜,圆白菜,kept
圆眼,圆眼,kept
圆腿,圆腿,kept
土豆,土豆,kept
土豆粉,土豆粉,kept
土豆粉,土豆粉,kept
地姜,地姜,kept
地瓜,地瓜,kept
地菠萝,地菠萝,kept
地衣(水浸),地衣(水浸),kept
垅船豆,垅船豆,kept
基围虾,基围虾,kept
塌棵菜,塌棵菜,kept
塘水虾,塘水虾,kept
塘水虾(草虾),塘水虾(草虾),kept
塘虱(鱼),塘虱(鱼),kept
墨鱼,墨鱼,kept
墨鱼(干),墨鱼(干),kept
多维奶粉,多维奶粉,kept
大头仔鱼,大头仔鱼,kept
大头狗母鱼,大头狗母鱼,kept
大头菜(五香),大头菜(五香),kept
大头菜(桂花),大头菜(桂花),kept
大头菜(酱),大头菜(酱),kept
大山楂,大山楂,kept
大料,大料,kept
大椒,大椒,kept
大油,大油,kept
大甲,大甲,kept
大白菜,大白菜,kept
大白菜(小白口),大白菜(小白口),kept
大白菜(青白口),大白菜(青白口),kept
大目鱼,大目鱼,kept
大红菇,大红菇,kept
大葱(鲜),大葱(鲜),kept
大蒜,大蒜,kept
大蒜(紫皮),大蒜(紫皮),kept
大蒜(脱水),大蒜(脱水),kept
大虾,大虾,kept
大豆(黄豆),大豆(黄豆),kept
大豆淀粉,大豆淀粉,kept
大豆蛋白(膨化豆粕),大豆蛋白(膨化豆粕),kept
大豆角,大豆角,kept
大酱,大酱,kept
大马哈鱼,大马哈鱼,kept
大麻油,大麻油,kept
大黄米(黍),大黄米(黍),kept
大黄花鱼,大黄花鱼,kept
大黄鱼,大黄鱼,kept
大黑头,大黑头,kept
天麻鲤鱼,天麻鲤鱼,kept
夫鱼,夫鱼,kept
奶柿子,奶柿子,kept
奶油,奶油,kept
奶油(焦克),奶油(焦克),kept
奶油(食用工业),奶油(食用工业),kept
奶片,奶片,kept
奶疙瘩,奶疙瘩,kept
奶皮子,奶皮子,kept
奶糖,奶糖,kept
奶豆腐(脱脂),奶豆腐(脱脂),kept
奶豆腐(鲜),奶豆腐(鲜),kept
奶酪,奶酪,kept
奶酷干,奶酷干,kept
姜,姜,kept
姜(子姜),姜(子姜),kept
姜(干),姜(干),kept
姜(精),姜(精),kept
婴儿奶糕,婴儿奶糕,kept
婴儿营养粉,婴儿营养粉,kept
婴儿配方鲜奶,婴儿配方鲜奶,kept
婴宝,婴宝,kept
嫩黄瓜,嫩黄瓜,kept
宁河二曲,宁河二曲,kept
宁河大曲,宁河大曲,kept
宝宝福,宝宝福,kept
宫廷烤鸡,宫廷烤鸡,kept
宫爆肉丁(罐头),宫爆肉丁(罐头),kept
宽皮桂,宽皮桂,kept
富强粉,富强粉,kept
富锌饼干,富锌饼干,kept
寒瓜,寒瓜,kept
对虾,对虾,kept
小核桃,小核桃,kept
小白菜,小白菜,kept
小米,小米,kept
小米粥,小米粥,kept
小肚,小肚,kept
小茴香,小茴香,kept
小葱,小葱,kept
小虾,小虾,kept
小西胡瓜,小西胡瓜,kept
小豆粥,小豆粥,kept
小香槟酒,小香槟酒,kept
小麦(龙麦),小麦(龙麦),kept
小麦粉(特二粉),小麦粉(特二粉),kept
小麦胚粉,小麦胚粉,kept
小麦酒(48.0度),小麦酒(48.0度),kept
小麦酒(50度),小麦酒(50度),kept
小黄花鱼,小黄花鱼,kept
小黄鱼,小黄鱼,kept
尖嘴白,尖嘴白,kept
山杨梅,山杨梅,kept
山核桃(干),山核桃(干),kept
山核桃(熟),山核桃(熟),kept
山楂晶,山楂晶,kept
山楂球,山楂球,kept
山楂精,山楂精,kept
山药,山药,kept
山药(干),山药(干),kept
山里红,山里红,kept
崇明老白酒,崇明老白酒,kept
巧克力,巧克力,kept
巧克力(维夫),巧克力(维夫),kept
巧克力(酒芯),巧克力(酒芯),kept
巧克力豆奶,巧克力豆奶,kept
巴鱼,巴鱼,kept
带鱼,带鱼,kept
干狼肚,干狼肚,kept
干贝,干贝,kept
干酪,干酪,kept
干酸奶,干酸奶,kept
平菇(鲜),平菇(鲜),kept
平鱼,平鱼,kept
年糕,年糕,kept
广梨,广梨,kept
廖花糖,廖花糖,kept
开口笑,开口笑,kept
开花豆,开花豆,kept
彩球糖,彩球糖,kept
德庆酥,德庆酥,kept
快鱼,快鱼,kept
怀菊花,怀菊花,kept
意米,意米,kept
慈蛄,慈蛄,kept
戈牙鱼,戈牙鱼,kept
扁豆,扁豆,kept
扒鸡,扒鸡,kept
抹猛果,抹猛果,kept
挂面(标准粉),挂面(标准粉),kept
挂面(精白粉),挂面(精白粉),kept
挂面(赖氨酸),挂面(赖氨酸),kept
排骨(猪),排骨(猪),kept
摆佳鱼,摆佳鱼,kept
文旦,文旦,kept
斑节对虾,斑节对虾,kept
斑鸠肉,斑鸠肉,kept
方便面,方便面,kept
方瓜,方瓜,kept
方腿,方腿,kept
无花果,无花果,kept
旱芹,旱芹,kept
旺虾,旺虾,kept
昆布(干),昆布(干),kept
昆布(浸),昆布(浸),kept
昆布(鲜),昆布(鲜),kept
明太鱼,明太鱼,kept
明虾,明虾,kept
春卷,春卷,kept
普中红蘑,普中红蘑,kept
普大香杏丁蘑,普大香杏丁蘑,kept
景泰二曲,景泰二曲,kept
景泰大曲,景泰大曲,kept
景泰大曲,景泰大曲,kept
智力菇,智力菇,kept
曲酒(55度),曲酒(55度),kept
曼氏无针乌贼,曼氏无针乌贼,kept
月饼(五仁),月饼(五仁),kept
月饼(唐王赏月),月饼(唐王赏月),kept
月饼(奶油松仁),月饼(奶油松仁),kept
月饼(奶油果馅),月饼(奶油果馅),kept
月饼(枣泥),月饼(枣泥),kept
月饼(百寿宴点),月饼(百寿宴点),kept
月饼(豆沙),月饼(豆沙),kept
月饼(香油果馅),月饼(香油果馅),kept
望果,望果,kept
木榧,木榧,kept
木瓜,木瓜,kept
木耳,木耳,kept
木耳(水发),木耳(水发),kept
木耳菜,木耳菜,kept
朱古力威化,朱古力威化,kept
机米,机米,kept
杂色鲍,杂色鲍,kept
杂豆,杂豆,kept
李(玉皇李),李(玉皇李),kept
杏,杏,kept
杏(李子杏),杏(李子杏),kept
杏仁,杏仁,kept
杏仁(苦),杏仁(苦),kept
杏仁露,杏仁露,kept
杏子罐头,杏子罐头,kept
杏干,杏干,kept
杏脯,杏脯,kept
杏脯(李广杏),杏脯(李广杏),kept
杏酱,杏酱,kept
条浒苔,条浒苔,kept
杨梅,杨梅,kept
松口蘑,松口蘑,kept
松子(炒),松子(炒),kept
松子(生),松子(生),kept
松子仁,松子仁,kept
松花蛋(鸡),松花蛋(鸡),kept
松花蛋(鸭),松花蛋(鸭),kept
松茸,松茸,kept
松蘑,松蘑,kept
板油酥饼,板油酥饼,kept
板粟,板粟,kept
板蕉,板蕉,kept
枇杷,枇杷,kept
果丹皮,果丹皮,kept
果味奶,果味奶,kept
果料酸奶,果料酸奶,kept
枝竹,枝竹,kept
枣(乌枣),枣(乌枣),kept
枣(密云小枣),枣(密云小枣),kept
枣(干),枣(干),kept
"枣(干,大)","枣(干,大)",kept
枣(沙枣),枣(沙枣),kept
枣(蜜枣),枣(蜜枣),kept
枣(蜜枣),枣(蜜枣),kept
枣(酒枣),枣(酒枣),kept
枣(金丝小枣),枣(金丝小枣),kept
枣(鲜),枣(鲜),kept
枣仁,枣仁,kept
枳实,枳实,kept
枸杞,枸杞,kept
柑,柑,kept
柑子,柑子,kept
柚,柚,kept
柠檬,柠檬,kept
柠檬汁,柠檬汁,kept
柿,柿,kept
柿(磨盘),柿(磨盘),kept
柿(荷柿),柿(荷柿),kept
柿子椒,柿子椒,kept
柿饼,柿饼,kept
标准粉,标准粉,kept
树梅,树梅,kept
栗子(干),栗子(干),kept
栗子(鲜),栗子(鲜),kept
栗羊羹,栗羊羹,kept
核桃(干),核桃(干),kept
核桃(鲜),核桃(鲜),kept
核桃仁,核桃仁,kept
核桃薄脆,核桃薄脆,kept
根达菜,根达菜,kept
桂圆(干),桂圆(干),kept
桂圆(鲜),桂圆(鲜),kept
桂圆肉,桂圆肉,kept
桂鱼,桂鱼,kept
桃,桃,kept
桃(久保桃),桃(久保桃),kept
桃(五月鲜),桃(五月鲜),kept
桃(庆丰),桃(庆丰),kept
桃(早),桃(早),kept
桃(旱久保),桃(旱久保),kept
桃(晚),桃(晚),kept
桃(杨桃),桃(杨桃),kept
桃(桃水罐头),桃(桃水罐头),kept
桃(白粉桃),桃(白粉桃),kept
桃(蜜桃),桃(蜜桃),kept
桃(金红桃),桃(金红桃),kept
桃(高山白桃),桃(高山白桃),kept
桃(黄桃),桃(黄桃),kept
桃仁,桃仁,kept
桃酥,桃酥,kept
桃酱,桃酱,kept
桑葚,桑葚,kept
桑葚(干),桑葚(干),kept
桔,桔,kept
桔(三湖红桔),桔(三湖红桔),kept
桔(四川红桔),桔(四川红桔),kept
桔(小叶桔),桔(小叶桔),kept
桔(早桔),桔(早桔),kept
桔(福桔),桔(福桔),kept
桔(芦柑),桔(芦柑),kept
桔(蜜桔),桔(蜜桔),kept
桔子饮料(固体),桔子饮料(固体),kept
桔饼,桔饼,kept
梅童鱼,梅童鱼,kept
梨,梨,kept
梨(专把梨),梨(专把梨),kept
梨(京白梨),梨(京白梨),kept
梨(冬果梨),梨(冬果梨),kept
梨(冬果梨罐头),梨(冬果梨罐头),kept
梨(巴梨),梨(巴梨),kept
梨(库尔勒梨),梨(库尔勒梨),kept
梨(旱酥梨),梨(旱酥梨),kept
梨(明月梨),梨(明月梨),kept
梨(木梨),梨(木梨),kept
梨(砺山梨),梨(砺山梨),kept
梨(糖水罐头),梨(糖水罐头),kept
梨(紫酥梨),梨(紫酥梨),kept
梨(红肖梨),梨(红肖梨),kept
梨(苏木梨),梨(苏木梨),kept
梨(苹果梨),梨(苹果梨),kept
梨(莱阳梨),梨(莱阳梨),kept
梨(软梨),梨(软梨),kept
梨(酥梨),梨(酥梨),kept
梨(酸梨),梨(酸梨),kept
梨(锦丰梨),梨(锦丰梨),kept
梨(雪花梨),梨(雪花梨),kept
梨(香梨),梨(香梨),kept
梨(马蹄黄梨),梨(马蹄黄梨),kept
梨(鸭广梨),梨(鸭广梨),kept
梨(鸭梨),梨(鸭梨),kept
梨(鹅黄梨),梨(鹅黄梨),kept
棉籽油,棉籽油,kept
棉花糖,棉花糖,kept
棒瓜,棒瓜,kept
棕榈油,棕榈油,kept
棘,棘,kept
椰子,椰子,kept
楚天啤酒(2.6度),楚天啤酒(2.6度),kept
楸子,楸子,kept
榆钱,榆钱,kept
榛子(干),榛子(干),kept
榛子(炒),榛子(炒),kept
榛蘑,榛蘑,kept
榨菜,榨菜,kept
樱桃,樱桃,kept
"樱桃(野,白刺)","樱桃(野,白刺)",kept
橄榄(白榄),橄榄(白榄),kept
橘子晶,橘子晶,kept
橘子汁,橘子汁,kept
橘汁(VC蜜橘),橘汁(VC蜜橘),kept
橘汁(浓缩蜜橘),橘汁(浓缩蜜橘),kept
橙,橙,kept
橙珍(易拉罐),橙珍(易拉罐),kept
武昌鱼,武昌鱼,kept
武汉啤酒(3.2度),武汉啤酒(3.2度),kept
母乳(人乳),母乳(人乳),kept
比目鱼,比目鱼,kept
比目鱼,比目鱼,kept
毛柄金钱菌扑,毛柄金钱菌扑,kept
毛核桃(鲜),毛核桃(鲜),kept
毛瓜,毛瓜,kept
毛竹笋,毛竹笋,kept
毛豆(青豆),毛豆(青豆),kept
水晶糖,水晶糖,kept
水晶饼,水晶饼,kept
水田芥,水田芥,kept
水疙瘩,水疙瘩,kept
水芥,水芥,kept
水芥,水芥,kept
水虾米,水虾米,kept
水蛇,水蛇,kept
汉口小麦酒(40.7度),汉口小麦酒(40.7度),kept
汉口白酒(49.6度),汉口白酒(49.6度),kept
江白菜(干),江白菜(干),kept
江白菜(浸),江白菜(浸),kept
江白菜(鲜),江白菜(鲜),kept
江米条,江米条,kept
江米酒,江米酒,kept
江虾,江虾,kept
汤包,汤包,kept
汤菜,汤菜,kept
汽水(柠檬汽水),汽水(柠檬汽水),kept
汽水(橙汁汽水),汽水(橙汁汽水),kept
汽水(特制),汽水(特制),kept
汽水(特制柠檬汽水),汽水(特制柠檬汽水),kept
沙子面,沙子面,kept
沙梭,沙梭,kept
沙棘,沙棘,kept
沙棘果汁,沙棘果汁,kept
沙蒿(引进),沙蒿(引进),kept
沙鲻,沙鲻,kept
河虾,河虾,kept
河蚌,河蚌,kept
河蚬,河蚬,kept
河鳗,河鳗,kept
油予,油予,kept
油条,油条,kept
油炸土豆片,油炸土豆片,kept
油炸豆瓣,油炸豆瓣,kept
油炸豆花,油炸豆花,kept
油甘子,油甘子,kept
油茶,油茶,kept
油菜,油菜,kept
油菜(脱水),油菜(脱水),kept
油菜心,油菜心,kept
油菜苔,油菜苔,kept
油豆腐,油豆腐,kept
油豆角,油豆角,kept
油饼,油饼,kept
油麦菜,油麦菜,kept
沼虾,沼虾,kept
泡泡糖,泡泡糖,kept
泥蚶,泥蚶,kept
泥鳅,泥鳅,kept
洋姜,洋姜,kept
洋姜,洋姜,kept
洋粉,洋粉,kept
洋莓,洋莓,kept
洋葱,洋葱,kept
洋蘑菇,洋蘑菇,kept
海冻菜,海冻菜,kept
海参,海参,kept
海参(水浸),海参(水浸),kept
海参(鲜),海参(鲜),kept
海带(干),海带(干),kept
海带(浸),海带(浸),kept
海带(鲜),海带(鲜),kept
海棠果,海棠果,kept
海棠罐头,海棠罐头,kept
海棠脯,海棠脯,kept
海河乌江,海河乌江,kept
海米,海米,kept
海虾,海虾,kept
海蛎肉,海蛎肉,kept
海蜇头,海蜇头,kept
海蜇皮,海蜇皮,kept
海蜇皮,海蜇皮,kept
海鲋菜,海鲋菜,kept
海鲋鱼,海鲋鱼,kept
海鲫鱼,海鲫鱼,kept
海鳗,海鳗,kept
海鳗鱼,海鳗鱼,kept
淀粉(团粉),淀粉(团粉),kept
淀粉(玉米),淀粉(玉米),kept
淀粉(蚕豆),淀粉(蚕豆),kept
淀粉(马铃薯粉),淀粉(马铃薯粉),kept
淡菜(干),淡菜(干),kept
淡菜(鲜),淡菜(鲜),kept
混合油(菜+棕),混合油(菜+棕),kept
混糖糕点,混糖糕点,kept
清爽型啤酒(6度),清爽型啤酒(6度),kept
灌肠,灌肠,kept
火腿,火腿,kept
火腿(熟),火腿(熟),kept
火腿(金华火腿),火腿(金华火腿),kept
火鸡肝,火鸡肝,kept
火鸡肫,火鸡肫,kept
火鸡胸脯肉,火鸡胸脯肉,kept
火鸡腿,火鸡腿,kept
灯笼椒,灯笼椒,kept
灵蜜瓜,灵蜜瓜,kept
炒肝,炒肝,kept
炸糕,炸糕,kept
炸鸡(肯德鸡),炸鸡(肯德鸡),kept
炼乳(罐头),炼乳(罐头),kept
烙饼(标准粉),烙饼(标准粉),kept
烤鸡,烤鸡,kept
烤鸭,烤鸭,kept
烤麸,烤麸,kept
烧饼,烧饼,kept
烧饼(糖),烧饼(糖),kept
烧鹅,烧鹅,kept
烧麦,烧麦,kept
热干面,热干面,kept
焦圈,焦圈,kept
煎饼,煎饼,kept
煨牛肉(罐头),煨牛肉(罐头),kept
煮疙瘩,煮疙瘩,kept
煮芥,煮芥,kept
燕岭春(57度),燕岭春(57度),kept
燕鲅鱼,燕鲅鱼,kept
燕麦片,燕麦片,kept
爪尖,爪尖,kept
爪尖(熟),爪尖(熟),kept
片口角,片口角,kept
牙蕉,牙蕉,kept
牛乳,牛乳,kept
牛乳(原料奶),牛乳(原料奶),kept
牛乳(强化VA,牛乳(强化VA,kept
牛乳(牦牛乳),牛乳(牦牛乳),kept
牛乳(罐头),牛乳(罐头),kept
牛乳(美国牛),牛乳(美国牛),kept
牛乳(西德牛),牛乳(西德牛),kept
牛乳(酸),牛乳(酸),kept
牛乳(高蛋白奶),牛乳(高蛋白奶),kept
牛乳粉(全脂),牛乳粉(全脂),kept
"牛乳粉(全脂,速溶)","牛乳粉(全脂,速溶)",kept
牛乳粉(婴儿奶粉),牛乳粉(婴儿奶粉),kept
牛乳粉(强化维生素),牛乳粉(强化维生素),kept
牛乳粉(母乳化奶粉),牛乳粉(母乳化奶粉),kept
牛乳粉(脱脂),牛乳粉(脱脂),kept
牛大肠,牛大肠,kept
牛心,牛心,kept
牛杂割,牛杂割,kept
牛楔乙只,牛楔乙只,kept
牛油,牛油,kept
牛油,牛油,kept
牛油(炼),牛油(炼),kept
牛油(炼),牛油(炼),kept
牛肉(冻),牛肉(冻),kept
牛肉(前腱),牛肉(前腱),kept
牛肉(前腿),牛肉(前腿),kept
牛肉(后腱),牛肉(后腱),kept
牛肉(后腿),牛肉(后腿),kept
牛肉(瘦),牛肉(瘦),kept
牛肉(肥),牛肉(肥),kept
"牛肉(肥,瘦)","牛肉(肥,瘦)",kept
牛肉(腑肋),牛肉(腑肋),kept
牛肉(腿),牛肉(腿),kept
牛肉干,牛肉干,kept
牛肉松,牛肉松,kept
牛肚,牛肚,kept
牛肝,牛肝,kept
牛肺,牛肺,kept
牛肾,牛肾,kept
牛脑,牛脑,kept
牛舌,牛舌,kept
牛血,牛血,kept
牛蹄筋,牛蹄筋,kept
牛蹄筋(熟),牛蹄筋(熟),kept
牡蛎,牡蛎,kept
特制三粮酒(56.2度),特制三粮酒(56.2度),kept
特制啤酒(5度),特制啤酒(5度),kept
特制汉酒(59.9度),特制汉酒(59.9度),kept
状元饼,状元饼,kept
狗母鱼,狗母鱼,kept
狗肉,狗肉,kept
狗芽菜,狗芽菜,kept
猕猴桃,猕猴桃,kept
猕猴桃晶,猕猴桃晶,kept
猪大排,猪大排,kept
猪大肠,猪大肠,kept
猪头皮,猪头皮,kept
猪夹心,猪夹心,kept
猪小排,猪小排,kept
猪小肠,猪小肠,kept
猪心,猪心,kept
猪排骨肉,猪排骨肉,kept
猪油(未炼),猪油(未炼),kept
猪油(炼),猪油(炼),kept
猪耳,猪耳,kept
"猪肉(冻,瘦)","猪肉(冻,瘦)",kept
"猪肉(冻,肥)","猪肉(冻,肥)",kept
猪肉(前蹄膀),猪肉(前蹄膀),kept
猪肉(后臀尖),猪肉(后臀尖),kept
猪肉(后蹄膀),猪肉(后蹄膀),kept
猪肉(奶脯),猪肉(奶脯),kept
猪肉(奶面),猪肉(奶面),kept
猪肉(清蒸),猪肉(清蒸),kept
猪肉(瘦),猪肉(瘦),kept
猪肉(肋条肉),猪肉(肋条肉),kept
猪肉(肥),猪肉(肥),kept
"猪肉(肥,瘦)","猪肉(肥,瘦)",kept
猪肉(脊背),猪肉(脊背),kept
猪肉(脖子),猪肉(脖子),kept
猪肉(腿),猪肉(腿),kept
猪肉松,猪肉松,kept
猪肉松(太仓肉松),猪肉松(太仓肉松),kept
猪肉松(福建式肉松),猪肉松(福建式肉松),kept
猪肉松(老年保健肉松),猪肉松(老年保健肉松),kept
猪肉蓉,猪肉蓉,kept
猪肘棒,猪肘棒,kept
猪肘棒(熟),猪肘棒(熟),kept
猪肚,猪肚,kept
猪肝,猪肝,kept
猪肝(卤煮),猪肝(卤煮),kept
猪肺,猪肺,kept
猪肾,猪肾,kept
猪胆干,猪胆干,kept
猪脑,猪脑,kept
猪脾,猪脾,kept
猪腰子,猪腰子,kept
猪舌,猪舌,kept
猪血,猪血,kept
猪蹄,猪蹄,kept
猪蹄(熟),猪蹄(熟),kept
猪蹄筋,猪蹄筋,kept
猪蹄膀,猪蹄膀,kept
猪颈,猪颈,kept
猴头菇(罐装),猴头菇(罐装),kept
猴鱼,猴鱼,kept
玉兰片,玉兰片,kept
玉米(白),玉米(白),kept
玉米(鲜),玉米(鲜),kept
玉米(黄),玉米(黄),kept
玉米油,玉米油,kept
玉米笋(玉米罐头),玉米笋(玉米罐头),kept
玉米粥(即食),玉米粥(即食),kept
玉米糁(黄),玉米糁(黄),kept
玉米面(白),玉米面(白),kept
玉米面(黄),玉米面(黄),kept
玉豆(龙牙豆),玉豆(龙牙豆),kept
玫瑰香葡萄酒(15度),玫瑰香葡萄酒(15度),kept
珍珠白蘑,珍珠白蘑,kept
珍珠里脊丝(罐头),珍珠里脊丝(罐头),kept
珠蚶,珠蚶,kept
球茎甘蓝,球茎甘蓝,kept
琵琶虾,琵琶虾,kept
琼脂,琼脂,kept
瓢儿菜,瓢儿菜,kept
瓦罐鸡汤,瓦罐鸡汤,kept
瓦罐鸡汤(汤),瓦罐鸡汤(汤),kept
瓦罐鸡汤(肉),瓦罐鸡汤(肉),kept
甘州大曲,甘州大曲,kept
甘草,甘草,kept
甘蓝(卷心菜),甘蓝(卷心菜),kept
甘蔗汁,甘蔗汁,kept
甘蕉,甘蕉,kept
甘薯(白心),甘薯(白心),kept
甘薯片,甘薯片,kept
甘薯粉,甘薯粉,kept
甘露(酱),甘露(酱),kept
甜椒(脱水),甜椒(脱水),kept
甜瓜,甜瓜,kept
甜萝卜,甜萝卜,kept
甜赖黄瓜,甜赖黄瓜,kept
甜酸皎头,甜酸皎头,kept
甜面酱,甜面酱,kept
生瓜,生瓜,kept
生瓜,生瓜,kept
生菜(花叶),生菜(花叶),kept
生蚝,生蚝,kept
生鱼,生鱼,kept
田鸡,田鸡,kept
田鸡腿,田鸡腿,kept
甲鱼,甲鱼,kept
甲鱼,甲鱼,kept
番柿,番柿,kept
番桃,番桃,kept
番瓜,番瓜,kept
番石榴,番石榴,kept
番茄,番茄,kept
"番茄(整,罐头)","番茄(整,罐头)",kept
番茄酱(罐头),番茄酱(罐头),kept
白兰瓜,白兰瓜,kept
白地果,白地果,kept
白姑鱼,白姑鱼,kept
白带鱼,白带鱼,kept
白斑角鲨,白斑角鲨,kept
白木耳,白木耳,kept
白果,白果,kept
白果(干),白果(干),kept
白水羊头,白水羊头,kept
白瓜,白瓜,kept
白瓜,白瓜,kept
白瓜子,白瓜子,kept
白眼棱鱼,白眼棱鱼,kept
白砂糖,白砂糖,kept
白米子(鱼),白米子(鱼),kept
白米虾,白米虾,kept
白糖,白糖,kept
白脱(食用工业),白脱(食用工业),kept
白芷,白芷,kept
白菜,白菜,kept
白菜(脱水),白菜(脱水),kept
白葡萄酒,白葡萄酒,kept
白葡萄酒(10.4度),白葡萄酒(10.4度),kept
白葡萄酒(11度),白葡萄酒(11度),kept
白薯干,白薯干,kept
白蘑,白蘑,kept
白金瓜,白金瓜,kept
白露虾,白露虾,kept
白鲢,白鲢,kept
白鲩,白鲩,kept
百合,百合,kept
百合(干),百合(干),kept
百合(脱水),百合(脱水),kept
百页,百页,kept
皮蛋,皮蛋,kept
盐,盐,kept
盐(土盐),盐(土盐),kept
盐水鸭(熟),盐水鸭(熟),kept
眉豆(饭豇豆),眉豆(饭豇豆),kept
真蛸,真蛸,kept
真鲨,真鲨,kept
石斑鱼,石斑鱼,kept
石榴(玛瑙石榴),石榴(玛瑙石榴),kept
石榴(红粉皮石榴),石榴(红粉皮石榴),kept
石榴(青皮石榴),石榴(青皮石榴),kept
石花菜,石花菜,kept
砂仁,砂仁,kept
硬五花,硬五花,kept
硬皮糕点,硬皮糕点,kept
碗糕,碗糕,kept
碧绿酒(41.0度),碧绿酒(41.0度),kept
神力宝,神力宝,kept
福来酥,福来酥,kept
离枝,离枝,kept
秋葵,秋葵,kept
秦海啤酒,秦海啤酒,kept
稞麦(熟品)(糌粑),稞麦(熟品)(糌粑),kept
稻米,稻米,kept
"稻米(早籼,标一)","稻米(早籼,标一)",kept
"稻米(早籼,标二)","稻米(早籼,标二)",kept
"稻米(早籼,特等)","稻米(早籼,特等)",kept
"稻米(晚籼,标一)","稻米(晚籼,标一)",kept
"稻米(晚籼,标二)","稻米(晚籼,标二)",kept
"稻米(晚籼,特)","稻米(晚籼,特)",kept
"稻米(梗,标一)","稻米(梗,标一)",kept
"稻米(梗,标三)","稻米(梗,标三)",kept
"稻米(梗,标二)","稻米(梗,标二)",kept
"稻米(梗,标四)","稻米(梗,标四)",kept
稻米(籼),稻米(籼),kept
"稻米(粳,特级)","稻米(粳,特级)",kept
稻米(香大米),稻米(香大米),kept
稻谷(早籼),稻谷(早籼),kept
空心果,空心果,kept
空心菜,空心菜,kept
章鱼,章鱼,kept
竹笋,竹笋,kept
竹笋(春笋),竹笋(春笋),kept
"竹笋(白笋,干)","竹笋(白笋,干)",kept
竹笋(鞭笋),竹笋(鞭笋),kept
"竹笋(黑笋,干)","竹笋(黑笋,干)",kept
笋瓜,笋瓜,kept
米粉,米粉,kept
米粉(干),米粉(干),kept
米粥(粳米),米粥(粳米),kept
米糠油,米糠油,kept
米花糖,米花糖,kept
"米饭(蒸,籼米)","米饭(蒸,籼米)",kept
"米饭(蒸,粳米)","米饭(蒸,粳米)",kept
籽瓜,籽瓜,kept
粉丝,粉丝,kept
粉条,粉条,kept
粉皮,粉皮,kept
精制小麦酒(40.8度),精制小麦酒(40.8度),kept
精粉,精粉,kept
糖耳朵,糖耳朵,kept
糙皮侧耳,糙皮侧耳,kept
糜子(带皮),糜子(带皮),kept
糜子米(炒米),糜子米(炒米),kept
糯米(江米),糯米(江米),kept
糯米(籼),糯米(籼),kept
糯米(粳),糯米(粳),kept
糯谷(早糯),糯谷(早糯),kept
糯香酒(6.4度),糯香酒(6.4度),kept
素什锦,素什锦,kept
素大肠,素大肠,kept
素火腿,素火腿,kept
素虾(炸),素虾(炸),kept
素鸡,素鸡,kept
素鸡丝卷,素鸡丝卷,kept
紫菜,紫菜,kept
紫菜胶,紫菜胶,kept
紫雪糕,紫雪糕,kept
红三鱼,红三鱼,kept
红大虾,红大虾,kept
红娘鱼,红娘鱼,kept
红小豆,红小豆,kept
红果,红果,kept
红果(干),红果(干),kept
红果汁,红果汁,kept
红烤鸭(罐头),红烤鸭(罐头),kept
红皮萝卜(变萝卜),红皮萝卜(变萝卜),kept
红皮萝卜(小水萝卜),红皮萝卜(小水萝卜),kept
红皮葱,红皮葱,kept
红糖,红糖,kept
红胡萝卜缨,红胡萝卜缨,kept
红花,红花,kept
红苋菜,红苋菜,kept
红菜苔,红菜苔,kept
红葡萄酒,红葡萄酒,kept
红葡萄酒(12度),红葡萄酒(12度),kept
红薯,红薯,kept
红豆馅,红豆馅,kept
红鳟鱼,红鳟鱼,kept
细花草,细花草,kept
维尔康运动饮料,维尔康运动饮料,kept
绵白糖,绵白糖,kept
绿苋菜,绿苋菜,kept
绿菜花(引种),绿菜花(引种),kept
绿豆,绿豆,kept
绿豆糕,绿豆糕,kept
绿豆芽,绿豆芽,kept
绿豆面,绿豆面,kept
绿豆饼(饼折 ),绿豆饼(饼折 ),kept
罗汉果,罗汉果,kept
罗非鱼,罗非鱼,kept
罗非鱼(莫桑比克),罗非鱼(莫桑比克),kept
羊乳(鲜),羊乳(鲜),kept
羊乳粉(全脂),羊乳粉(全脂),kept
羊大肠,羊大肠,kept
羊心,羊心,kept
羊心(青羊),羊心(青羊),kept
羊桃,羊桃,kept
羊油,羊油,kept
羊油(炼),羊油(炼),kept
羊法子,羊法子,kept
"羊肉(冻,山羊)","羊肉(冻,山羊)",kept
"羊肉(冻,绵羊)","羊肉(冻,绵羊)",kept
羊肉(前腿),羊肉(前腿),kept
羊肉(后腿),羊肉(后腿),kept
羊肉(熟),羊肉(熟),kept
羊肉(瘦),羊肉(瘦),kept
羊肉(肥),羊肉(肥),kept
"羊肉(肥,瘦)","羊肉(肥,瘦)",kept
羊肉(胸脯),羊肉(胸脯),kept
羊肉(脊背),羊肉(脊背),kept
羊肉(青羊),羊肉(青羊),kept
羊肉(颈),羊肉(颈),kept
羊肉串(炸),羊肉串(炸),kept
羊肉串(熟),羊肉串(熟),kept
羊肉串(电烤),羊肉串(电烤),kept
羊肉干(绵羊),羊肉干(绵羊),kept
羊肚,羊肚,kept
羊肚菌,羊肚菌,kept
羊肝,羊肝,kept
羊肝(青羊),羊肝(青羊),kept
羊肺,羊肺,kept
羊肾,羊肾,kept
羊肾(青羊),羊肾(青羊),kept
羊脑,羊脑,kept
羊脖,羊脖,kept
羊舌,羊舌,kept
羊血,羊血,kept
羊角豆,羊角豆,kept
羊蹄筋(生),羊蹄筋(生),kept
羊面肠,羊面肠,kept
美味香酥卷,美味香酥卷,kept
美雪啤酒,美雪啤酒,kept
翼红娘鱼,翼红娘鱼,kept
老板鱼,老板鱼,kept
老鸦,老鸦,kept
老鼠肉,老鼠肉,kept
肉桂,肉桂,kept
肉豆蔻,肉豆蔻,kept
肉香饼,肉香饼,kept
肠(儿童肠),肠(儿童肠),kept
肠(午餐肠),肠(午餐肠),kept
肠(南肠),肠(南肠),kept
肠(大肉肠),肠(大肉肠),kept
肠(大腊肠),肠(大腊肠),kept
肠(小泥肠),肠(小泥肠),kept
肠(小红肠),肠(小红肠),kept
肠(广东香肠),肠(广东香肠),kept
肠(松江果),肠(松江果),kept
肠(火腿肠),肠(火腿肠),kept
肠(猪肉香肠,肠(猪肉香肠,kept
肠(粉肠),肠(粉肠),kept
肠(红果肠),肠(红果肠),kept
肠(红肠),肠(红肠),kept
肠(腊肠),肠(腊肠),kept
肠(茶肠),肠(茶肠),kept
肠(萨拉米肠),肠(萨拉米肠),kept
肠(蒜肠),肠(蒜肠),kept
肠(蛋清肠),肠(蛋清肠),kept
肠(风干肠),肠(风干肠),kept
肠(香肠),肠(香肠),kept
胖头鱼,胖头鱼,kept
胖子,胖子,kept
胡大瓜子(炒),胡大瓜子(炒),kept
胡子鲇,胡子鲇,kept
胡子鲶,胡子鲶,kept
胡桃,胡桃,kept
胡椒粉,胡椒粉,kept
胡罗卜素王,胡罗卜素王,kept
胡萝卜(红),胡萝卜(红),kept
胡萝卜(脱水),胡萝卜(脱水),kept
胡萝卜(黄),胡萝卜(黄),kept
胡麻,胡麻,kept
胡麻油,胡麻油,kept
胶姆糖,胶姆糖,kept
脆萝卜,脆萝卜,kept
脑豆,脑豆,kept
脱水土豆,脱水土豆,kept
脱脂酸奶,脱脂酸奶,kept
腊羊肉,腊羊肉,kept
腊肉(培根),腊肉(培根),kept
腊肉(熟),腊肉(熟),kept
腊肉(生),腊肉(生),kept
腌雪里蕻,腌雪里蕻,kept
腐乳(上海南乳),腐乳(上海南乳),kept
腐乳(桂林腐乳),腐乳(桂林腐乳),kept
腐乳(白),腐乳(白),kept
腐乳(糟豆腐乳),腐乳(糟豆腐乳),kept
腐乳(红),腐乳(红),kept
腐乳(臭),腐乳(臭),kept
腐竹,腐竹,kept
腐竹皮,腐竹皮,kept
腰窝(羊),腰窝(羊),kept
臭干,臭干,kept
臭干,臭干,kept
臭豆腐,臭豆腐,kept
舌头鱼,舌头鱼,kept
舌鳎,舌鳎,kept
色拉油,色拉油,kept
艾窝窝,艾窝窝,kept
艾菜,艾菜,kept
节瓜,节瓜,kept
芋头,芋头,kept
芒果,芒果,kept
芝麻(白),芝麻(白),kept
芝麻(黑),芝麻(黑),kept
芝麻南糖,芝麻南糖,kept
芝麻油,芝麻油,kept
芝麻酱,芝麻酱,kept
芡实米,芡实米,kept
芡粉,芡粉,kept
芥末,芥末,kept
芥菜(大叶芥菜),芥菜(大叶芥菜),kept
芥菜(小叶芥菜),芥菜(小叶芥菜),kept
芥菜(酸),芥菜(酸),kept
芥菜头(腌),芥菜头(腌),kept
芥菜头(腌煮),芥菜头(腌煮),kept
芥蓝,芥蓝,kept
芦笋,芦笋,kept
芫荽,芫荽,kept
芫荽(脱水),芫荽(脱水),kept
芭蕉,芭蕉,kept
花卷,花卷,kept
花椒,花椒,kept
花生(炒),花生(炒),kept
花生(生),花生(生),kept
花生仁(炒),花生仁(炒),kept
花生仁(生),花生仁(生),kept
花生油,花生油,kept
花生酱,花生酱,kept
花纹舌头,花纹舌头,kept
花豆(紫),花豆(紫),kept
花豆(红),花豆(红),kept
花鲢鱼,花鲢鱼,kept
芸豆,芸豆,kept
"芸豆(杂,带皮)","芸豆(杂,带皮)",kept
芸豆(白),芸豆(白),kept
芸豆(红),芸豆(红),kept
芸豆(虎皮),芸豆(虎皮),kept
芹菜(叶),芹菜(叶),kept
芹菜(水芹菜),芹菜(水芹菜),kept
芹菜(茎),芹菜(茎),kept
苔菜,苔菜,kept
苜蓿,苜蓿,kept
苤蓝,苤蓝,kept
苤蓝丝(酱),苤蓝丝(酱),kept
苦瓜,苦瓜,kept
苦苦菜,苦苦菜,kept
苦荞麦粉,苦荞麦粉,kept
苦菜(拒马菜),苦菜(拒马菜),kept
苦豆子,苦豆子,kept
苹果,苹果,kept
苹果(伏苹果),苹果(伏苹果),kept
苹果(倭锦苹果),苹果(倭锦苹果),kept
苹果(印度苹果),苹果(印度苹果),kept
苹果(国光苹果),苹果(国光苹果),kept
苹果(旱),苹果(旱),kept
苹果(祝光苹果),苹果(祝光苹果),kept
苹果(秋里蒙苹果),苹果(秋里蒙苹果),kept
苹果(红元帅苹果),苹果(红元帅苹果),kept
苹果(红星苹果),苹果(红星苹果),kept
苹果(红玉苹果),苹果(红玉苹果),kept
苹果(红福士苹果),苹果(红福士苹果),kept
苹果(红香蕉苹果),苹果(红香蕉苹果),kept
苹果(金元帅苹果),苹果(金元帅苹果),kept
苹果(青香蕉苹果),苹果(青香蕉苹果),kept
苹果(香玉苹果),苹果(香玉苹果),kept
苹果(黄元帅苹果),苹果(黄元帅苹果),kept
苹果(黄香蕉苹果),苹果(黄香蕉苹果),kept
苹果罐头,苹果罐头,kept
苹果脯,苹果脯,kept
苹果酱,苹果酱,kept
茄子,茄子,kept
茄子(绿皮),茄子(绿皮),kept
茎用芥菜(青菜头 ),茎用芥菜(青菜头 ),kept
茭白,茭白,kept
茭笋,茭笋,kept
茯苓,茯苓,kept
茯苓夹饼,茯苓夹饼,kept
茴香(籽),茴香(籽),kept
茴香籽,茴香籽,kept
茴香菜,茴香菜,kept
茶叶(柿叶茶),茶叶(柿叶茶),kept
茶叶(珠茶),茶叶(珠茶),kept
茶叶(甲级龙井),茶叶(甲级龙井),kept
茶叶(石榴花茶),茶叶(石榴花茶),kept
茶叶(砖茶),茶叶(砖茶),kept
茶叶(红茶),茶叶(红茶),kept
茶叶(绿茶),茶叶(绿茶),kept
茶叶(花茶),茶叶(花茶),kept
茶叶(铁观音茶),茶叶(铁观音茶),kept
茶水,茶水,kept
茶汤,茶汤,kept
茶油,茶油,kept
茼蒿,茼蒿,kept
草包鱼,草包鱼,kept
草莓,草莓,kept
草莓酱,草莓酱,kept
草菇,草菇,kept
草虾(塘水虾),草虾(塘水虾),kept
草质红菇,草质红菇,kept
草鱼,草鱼,kept
荔枝(鲜),荔枝(鲜),kept
荞菜,荞菜,kept
荞麦,荞麦,kept
荷兰豆,荷兰豆,kept
荸荠(地粟、马蹄),荸荠(地粟、马蹄),kept
莜麦面,莜麦面,kept
莱菔,莱菔,kept
莱菔子,莱菔子,kept
莲子(干),莲子(干),kept
莲子(糖水),莲子(糖水),kept
莲藕,莲藕,kept
莴笋(酱),莴笋(酱),kept
莴苣,莴苣,kept
莴荨叶,莴荨叶,kept
莼菜(瓶装),莼菜(瓶装),kept
菊花,菊花,kept
菜子油(特级),菜子油(特级),kept
菜干,菜干,kept
菜心(菜苔),菜心(菜苔),kept
菜瓜,菜瓜,kept
菜瓜(酱),菜瓜(酱),kept
菜籽油,菜籽油,kept
菜肴梨,菜肴梨,kept
菜花,菜花,kept
菜花(脱水),菜花(脱水),kept
菜豆,菜豆,kept
菠菜,菠菜,kept
菠萝,菠萝,kept
菠萝蜜子,菠萝蜜子,kept
菠萝蜜肉,菠萝蜜肉,kept
菠萝豆,菠萝豆,kept
菱角菜,菱角菜,kept
萝卜,萝卜,kept
萝卜(心里美),萝卜(心里美),kept
萝卜(水萝卜),萝卜(水萝卜),kept
萝卜(白萝卜),萝卜(白萝卜),kept
萝卜(红心萝卜),萝卜(红心萝卜),kept
萝卜(酱),萝卜(酱),kept
萝卜(青萝卜),萝卜(青萝卜),kept
萝卜干,萝卜干,kept
萝卜条(辣),萝卜条(辣),kept
萝卜缨(小),萝卜缨(小),kept
萝卜缨(白),萝卜缨(白),kept
萝卜缨(青),萝卜缨(青),kept
营养乳儿糕,营养乳儿糕,kept
落花生,落花生,kept
葡萄,葡萄,kept
葡萄(巨峰),葡萄(巨峰),kept
葡萄(玫瑰香),葡萄(玫瑰香),kept
葡萄(紫),葡萄(紫),kept
葡萄(红玫瑰),葡萄(红玫瑰),kept
葡萄(马奶子),葡萄(马奶子),kept
葡萄干,葡萄干,kept
葫子(茄科),葫子(茄科),kept
葫芦,葫芦,kept
葫芦条(干),葫芦条(干),kept
葱头(白皮脱水),葱头(白皮脱水),kept
葱头(紫皮脱水),葱头(紫皮脱水),kept
葱茎(脱水),葱茎(脱水),kept
葵花子(炒),葵花子(炒),kept
葵花子(生),葵花子(生),kept
葵花子仁,葵花子仁,kept
葵花籽油,葵花籽油,kept
蒙古韭,蒙古韭,kept
蒜,蒜,kept
蒜头(糖),蒜头(糖),kept
蒜头(酱),蒜头(酱),kept
蒜苔(蒜苗),蒜苔(蒜苗),kept
蒜黄,蒜黄,kept
蒲包干,蒲包干,kept
蒲瓜,蒲瓜,kept
蕨菜(脱水),蕨菜(脱水),kept
蕨菜(腌),蕨菜(腌),kept
蕹菜,蕹菜,kept
薄荷,薄荷,kept
藕粉,藕粉,kept
藕粉,藕粉,kept
藕粉(桂花藕粉),藕粉(桂花藕粉),kept
藿香,藿香,kept
蘑菇(干),蘑菇(干),kept
蘑菇(酱),蘑菇(酱),kept
蘑菇(鲜),蘑菇(鲜),kept
虾仁,虾仁,kept
虾子,虾子,kept
虾皮,虾皮,kept
虾米,虾米,kept
虾脑酱,虾脑酱,kept
虾虎,虾虎,kept
蚌肉,蚌肉,kept
蚕蛹,蚕蛹,kept
蚕豆,蚕豆,kept
蚕豆(炸),蚕豆(炸),kept
蚕豆(烤),蚕豆(烤),kept
蚬子,蚬子,kept
蚬肉,蚬肉,kept
蚶子,蚶子,kept
蛇,蛇,kept
蛇,蛇,kept
蛇(三索线蛇),蛇(三索线蛇),kept
蛇(过树榕蛇),蛇(过树榕蛇),kept
蛇(饭铲头蛇),蛇(饭铲头蛇),kept
蛇瓜,蛇瓜,kept
蛇豆,蛇豆,kept
蛇鲻(沙丁鱼),蛇鲻(沙丁鱼),kept
蛇鲻(沙梭鱼),蛇鲻(沙梭鱼),kept
蛋糕,蛋糕,kept
蛋糕(奶油),蛋糕(奶油),kept
蛋糕(老年)(烤),蛋糕(老年)(烤),kept
蛋糕(蒸),蛋糕(蒸),kept
蛋糕(蛋清),蛋糕(蛋清),kept
蛋麻脆,蛋麻脆,kept
蛋黄粉,蛋黄粉,kept
蛋黄酥,蛋黄酥,kept
蛏子,蛏子,kept
蛏子,蛏子,kept
蛏干,蛏干,kept
蛏肉,蛏肉,kept
蛤蜊,蛤蜊,kept
蛤蜊(杂色蛤),蛤蜊(杂色蛤),kept
蛤蜊(毛蛤蜊),蛤蜊(毛蛤蜊),kept
蛤蜊(沙蛤),蛤蜊(沙蛤),kept
蛤蜊(秋),蛤蜊(秋),kept
蛤蜊(花蛤),蛤蜊(花蛤),kept
蛤蜜瓜,蛤蜜瓜,kept
蜂蜜,蜂蜜,kept
蜜酒,蜜酒,kept
蜜麻花,蜜麻花,kept
蝎子,蝎子,kept
螯虾,螯虾,kept
螯鱼,螯鱼,kept
螺(东风螺),螺(东风螺),kept
螺(田螺),螺(田螺),kept
螺(石螺),螺(石螺),kept
螺(红螺),螺(红螺),kept
螺(香海螺),螺(香海螺),kept
螺蛳,螺蛳,kept
蟹(梭子蟹),蟹(梭子蟹),kept
蟹(河蟹),蟹(河蟹),kept
蟹(海蟹),蟹(海蟹),kept
蟹(踞缘青蟹),蟹(踞缘青蟹),kept
蟹子,蟹子,kept
蟹肉,蟹肉,kept
蟹黄(鲜),蟹黄(鲜),kept
血糯米(糯米(紫红)),血糯米(糯米(紫红)),kept
血脖(猪),血脖(猪),kept
血蚶,血蚶,kept
裸瓣瓜,裸瓣瓜,kept
西兰花,西兰花,kept
西洋菜,西洋菜,kept
西瓜,西瓜,kept
西瓜(京欣一号),西瓜(京欣一号),kept
西瓜(忠于6号),西瓜(忠于6号),kept
西瓜(郑州三号),西瓜(郑州三号),kept
西瓜子(炒),西瓜子(炒),kept
西瓜子(话梅),西瓜子(话梅),kept
西瓜子仁,西瓜子仁,kept
西瓜脯,西瓜脯,kept
西红柿,西红柿,kept
西红柿,西红柿,kept
西葫芦,西葫芦,kept
谷子,谷子,kept
豆奶,豆奶,kept
豆奶粉,豆奶粉,kept
豆汁(生),豆汁(生),kept
豆沙,豆沙,kept
豆油,豆油,kept
豆浆,豆浆,kept
豆浆粉,豆浆粉,kept
豆瓣菜、水田芥,豆瓣菜、水田芥,kept
豆瓣酱,豆瓣酱,kept
豆瓣酱,豆瓣酱,kept
豆粕,豆粕,kept
豆肝尖,豆肝尖,kept
豆腐,豆腐,kept
豆腐(内酯豆腐),豆腐(内酯豆腐),kept
豆腐(北),豆腐(北),kept
豆腐(南),豆腐(南),kept
豆腐丝,豆腐丝,kept
豆腐丝(干),豆腐丝(干),kept
豆腐丝(油),豆腐丝(油),kept
豆腐卷,豆腐卷,kept
豆腐卷(豆制五香卷),豆腐卷(豆制五香卷),kept
豆腐干,豆腐干,kept
豆腐干(小香干),豆腐干(小香干),kept
豆腐干(熏干),豆腐干(熏干),kept
豆腐干(菜干),豆腐干(菜干),kept
豆腐干(酱油干),豆腐干(酱油干),kept
豆腐干(香干),豆腐干(香干),kept
豆腐渣,豆腐渣,kept
豆腐皮,豆腐皮,kept
豆腐脑,豆腐脑,kept
豆腐脑(带卤),豆腐脑(带卤),kept
豆腐花,豆腐花,kept
豆角,豆角,kept
豆角(白),豆角(白),kept
豆豉(五香),豆豉(五香),kept
豇豆,豇豆,kept
豇豆(干),豇豆(干),kept
豇豆(紫),豇豆(紫),kept
豇豆(长),豇豆(长),kept
豌豆,豌豆,kept
豌豆,豌豆,kept
豌豆(干),豌豆(干),kept
豌豆(花),豌豆(花),kept
豌豆苗,豌豆苗,kept
豌豆黄,豌豆黄,kept
贡米佳酿(14度),贡米佳酿(14度),kept
赖葡萄,赖葡萄,kept
赤眼鳟,赤眼鳟,kept
赤缸,赤缸,kept
赤豆,赤豆,kept
起酥,起酥,kept
越南鱼,越南鱼,kept
软五花,软五花,kept
软枣,软枣,kept
"辣椒(尖,青)","辣椒(尖,青)",kept
辣椒(红小),辣椒(红小),kept
"辣椒(红尖,干)","辣椒(红尖,干)",kept
辣椒油,辣椒油,kept
辣椒粉,辣椒粉,kept
辣椒糊,辣椒糊,kept
辣椒酱,辣椒酱,kept
辣油豆瓣酱,辣油豆瓣酱,kept
辣酱(牛肉辣瓣酱),辣酱(牛肉辣瓣酱),kept
辣酱(蒜蓉),辣酱(蒜蓉),kept
辣酱(豆瓣辣酱),辣酱(豆瓣辣酱),kept
辣酱(郫县辣酱),辣酱(郫县辣酱),kept
辣酱(香油辣酱),辣酱(香油辣酱),kept
辣酱(麻),辣酱(麻),kept
边鱼,边鱼,kept
连子鱼,连子鱼,kept
通心粉,通心粉,kept
速溶奶粉,速溶奶粉,kept
郁李仁,郁李仁,kept
酒泉啤酒,酒泉啤酒,kept
酒泉啤酒,酒泉啤酒,kept
酒泉酒,酒泉酒,kept
酒酿原汁,酒酿原汁,kept
酥皮糕点,酥皮糕点,kept
酥糖,酥糖,kept
酥香兰花豆,酥香兰花豆,kept
酱包瓜,酱包瓜,kept
酱填鸭(罐头),酱填鸭(罐头),kept
酱汁肉,酱汁肉,kept
酱油,酱油,kept
酱油(一级),酱油(一级),kept
酱油(三级),酱油(三级),kept
酱油(三鲜),酱油(三鲜),kept
酱油(冬菇),酱油(冬菇),kept
酱油(味精),酱油(味精),kept
酱油(多味),酱油(多味),kept
酱油(晒制),酱油(晒制),kept
酱油(油膏),酱油(油膏),kept
酱油(特母),酱油(特母),kept
酱油(高级),酱油(高级),kept
酱牛肉,酱牛肉,kept
酱瓜,酱瓜,kept
酱羊肉,酱羊肉,kept
酱豆腐,酱豆腐,kept
酱驴肉,酱驴肉,kept
酱鸭,酱鸭,kept
酱鸭(罐头),酱鸭(罐头),kept
酱黄瓜,酱黄瓜,kept
酸三色糖,酸三色糖,kept
酸刺,酸刺,kept
酸奶,酸奶,kept
酸奶(中脂),酸奶(中脂),kept
酸奶(果料),酸奶(果料),kept
酸奶(桔味脱脂),酸奶(桔味脱脂),kept
酸奶(脱脂),酸奶(脱脂),kept
酸奶(高蛋白),酸奶(高蛋白),kept
酸奶酪,酸奶酪,kept
酸枣,酸枣,kept
酸梅晶,酸梅晶,kept
酸菜,酸菜,kept
酸豆乳,酸豆乳,kept
酸酪蛋,酸酪蛋,kept
酿皮子,酿皮子,kept
醉春风酒,醉春风酒,kept
醉流霞(57度),醉流霞(57度),kept
醋,醋,kept
醋(五香),醋(五香),kept
醋(安西黑醋),醋(安西黑醋),kept
醋(熏),醋(熏),kept
醋(白醋),醋(白醋),kept
醋(青岛甘醋),醋(青岛甘醋),kept
里脊(猪),里脊(猪),kept
里脊(羊),里脊(羊),kept
金丝瓜,金丝瓜,kept
金塔寺瓜,金塔寺瓜,kept
金枣,金枣,kept
金桔,金桔,kept
金瓜,金瓜,kept
金目鱼,金目鱼,kept
金糕,金糕,kept
金糕条,金糕条,kept
金针菇,金针菇,kept
金针菇(罐装),金针菇(罐装),kept
金钱肉(驴),金钱肉(驴),kept
金钱萝卜,金钱萝卜,kept
金钱酥,金钱酥,kept
金钱鱼,金钱鱼,kept
针量鱼,针量鱼,kept
钙质糕粉,钙质糕粉,kept
铜盆鱼,铜盆鱼,kept
银杏,银杏,kept
银耳,银耳,kept
银蚶,银蚶,kept
银鱼,银鱼,kept
银鲳,银鲳,kept
长毛对虾,长毛对虾,kept
长瓜,长瓜,kept
长生果,长生果,kept
长茄子,长茄子,kept
陈皮,陈皮,kept
雪糕(双棒),雪糕(双棒),kept
雪菜(雪里蕻),雪菜(雪里蕻),kept
雪里红,雪里红,kept
雪里蕻(叶用芥菜),雪里蕻(叶用芥菜),kept
雪里蕻(腌),雪里蕻(腌),kept
雪鲮,雪鲮,kept
青子,青子,kept
青梅果脯,青梅果脯,kept
青混,青混,kept
青皮鱼,青皮鱼,kept
青砖鱼,青砖鱼,kept
青稞,青稞,kept
青稞(甜胚子),青稞(甜胚子),kept
青稞酒,青稞酒,kept
青菜,青菜,kept
青菜,青菜,kept
青蒜,青蒜,kept
青蛙,青蛙,kept
青蛙腿,青蛙腿,kept
青蟹,青蟹,kept
青豆(干),青豆(干),kept
青鱼,青鱼,kept
青鲇鱼,青鲇鱼,kept
青鳞鱼,青鳞鱼,kept
静鱼,静鱼,kept
非洲黑鲫鱼,非洲黑鲫鱼,kept
面包,面包,kept
面包(咸),面包(咸),kept
面包(多维),面包(多维),kept
面包(果料),面包(果料),kept
面包(椰圈),面包(椰圈),kept
面包(武斯羹),面包(武斯羹),kept
面包(法式牛角),面包(法式牛角),kept
面包(法式配餐),面包(法式配餐),kept
面包(维生素),面包(维生素),kept
面包(麦维),面包(麦维),kept
面包(麦胚),面包(麦胚),kept
面包(黄油),面包(黄油),kept
面包鱼,面包鱼,kept
面条(富强粉),面条(富强粉),kept
面条(干),面条(干),kept
面条(标准粉),面条(标准粉),kept
"面条(煮,富强粉)","面条(煮,富强粉)",kept
面条(虾蓉面),面条(虾蓉面),kept
面条鱼,面条鱼,kept
面窝,面窝,kept
面筋(水),面筋(水),kept
面筋(油),面筋(油),kept
面蛋,面蛋,kept
面西胡瓜,面西胡瓜,kept
韭菜,韭菜,kept
韭菜花(腌),韭菜花(腌),kept
韭黄,韭黄,kept
颚针鱼,颚针鱼,kept
颚针鱼子,颚针鱼子,kept
餐条鱼,餐条鱼,kept
饭瓜,饭瓜,kept
饭豇豆,饭豇豆,kept
饼干,饼干,kept
饼干(VC饼干),饼干(VC饼干),kept
饼干(儿童营养饼干),饼干(儿童营养饼干),kept
饼干(军用压缩),饼干(军用压缩),kept
饼干(奶油),饼干(奶油),kept
饼干(强化锌),饼干(强化锌),kept
饼干(曲奇饼),饼干(曲奇饼),kept
饼干(维夫饼干),饼干(维夫饼干),kept
饼干(苏打),饼干(苏打),kept
饼干(补血饼干),饼干(补血饼干),kept
饼干(赖氨酸),饼干(赖氨酸),kept
饼干(钙奶饼干),饼干(钙奶饼干),kept
饼干(高蛋白饼干),饼干(高蛋白饼干),kept
"馒头(蒸,富强粉)","馒头(蒸,富强粉)",kept
"馒头(蒸,标准粉)","馒头(蒸,标准粉)",kept
香杏片,香杏片,kept
香杏片口薯,香杏片口薯,kept
香椿,香椿,kept
香油,香油,kept
香油炒面,香油炒面,kept
香瓜,香瓜,kept
香荽,香荽,kept
香菇(干),香菇(干),kept
香菇(鲜),香菇(鲜),kept
香菜,香菜,kept
香蕈,香蕈,kept
香蕈,香蕈,kept
香蕉,香蕉,kept
香醋,香醋,kept
香雪酒,香雪酒,kept
马兰,马兰,kept
马心,马心,kept
马肉,马肉,kept
马蹄软糖,马蹄软糖,kept
马铃薯丁(脱水),马铃薯丁(脱水),kept
马鞭笋,马鞭笋,kept
马鲛鱼,马鲛鱼,kept
驴打滚,驴打滚,kept
驴肉(熟),驴肉(熟),kept
驴肉(瘦),驴肉(瘦),kept
驴鞭(熟),驴鞭(熟),kept
驴鞭(生),驴鞭(生),kept
骆驼掌,骆驼掌,kept
骆驼蹄,骆驼蹄,kept
高粱米,高粱米,kept
高良姜,高良姜,kept
高蛋白豆米粉,高蛋白豆米粉,kept
鬼子姜,鬼子姜,kept
鬼芋粉,鬼芋粉,kept
鱼堤鱼,鱼堤鱼,kept
鱼子酱(大麻哈鱼),鱼子酱(大麻哈鱼),kept
鱼片干,鱼片干,kept
鱼肉松,鱼肉松,kept
鱿鱼,鱿鱼,kept
鱿鱼(干),鱿鱼(干),kept
鱿鱼(水浸),鱿鱼(水浸),kept
鲂鱼,鲂鱼,kept
鲅鱼,鲅鱼,kept
鲅鱼(咸),鲅鱼(咸),kept
鲆,鲆,kept
鲇鱼,鲇鱼,kept
鲈花,鲈花,kept
鲈鱼,鲈鱼,kept
鲍鱼,鲍鱼,kept
鲍鱼(干),鲍鱼(干),kept
鲎,鲎,kept
鲐巴鱼,鲐巴鱼,kept
鲐鱼,鲐鱼,kept
鲑鱼,鲑鱼,kept
鲒花,鲒花,kept
鲒花,鲒花,kept
鲚鱼(大凤尾鱼),鲚鱼(大凤尾鱼),kept
鲚鱼(小凤尾鱼),鲚鱼(小凤尾鱼),kept
鲚鱼(灌装),鲚鱼(灌装),kept
鲜扇贝,鲜扇贝,kept
鲜桃果汁糖,鲜桃果汁糖,kept
鲜桔晶,鲜桔晶,kept
鲜橘汁(纸盒),鲜橘汁(纸盒),kept
鲜蘑,鲜蘑,kept
鲜贝,鲜贝,kept
鲜赤贝,鲜赤贝,kept
鲢胡,鲢胡,kept
鲢鱼,鲢鱼,kept
鲤拐子,鲤拐子,kept
鲤鱼,鲤鱼,kept
鲨鱼,鲨鱼,kept
鲫勾,鲫勾,kept
鲫鱼,鲫鱼,kept
鲫鱼子,鲫鱼子,kept
鲮鱼,鲮鱼,kept
鲮鱼(罐头),鲮鱼(罐头),kept
鲮鱼子,鲮鱼子,kept
鲳板鱼,鲳板鱼,kept
鲳鱼,鲳鱼,kept
鲳鱼子,鲳鱼子,kept
鲷(大目鱼),鲷(大目鱼),kept
鲹鱼(蓝图鲹),鲹鱼(蓝图鲹),kept
鲻鱼,鲻鱼,kept
鲽(比目鱼),鲽(比目鱼),kept
鳊鱼,鳊鱼,kept
鳐鱼,鳐鱼,kept
鳓鱼,鳓鱼,kept
鳕鱼(鳕狭),鳕鱼(鳕狭),kept
鳗鱼,鳗鱼,kept
鳗鲡,鳗鲡,kept
鳙鱼,鳙鱼,kept
鳜鱼,鳜鱼,kept
鳜鱼子,鳜鱼子,kept
鳝鱼,鳝鱼,kept
鳟鱼,鳟鱼,kept
鸡,鸡,kept
鸡(乌骨鸡),鸡(乌骨鸡),kept
"鸡(土鸡,家养)","鸡(土鸡,家养)",kept
"鸡(母,一年内鸡)","鸡(母,一年内鸡)",kept
鸡(沙鸡),鸡(沙鸡),kept
"鸡(肉鸡,肥)","鸡(肉鸡,肥)",kept
鸡头米,鸡头米,kept
鸡心,鸡心,kept
鸡爪,鸡爪,kept
鸡爪(熟),鸡爪(熟),kept
鸡矢果,鸡矢果,kept
鸡翅,鸡翅,kept
鸡肉松,鸡肉松,kept
鸡肝,鸡肝,kept
鸡肝(土鸡),鸡肝(土鸡),kept
鸡肝(肉鸡),鸡肝(肉鸡),kept
鸡肫,鸡肫,kept
鸡胗,鸡胗,kept
鸡胸脯肉,鸡胸脯肉,kept
鸡腿,鸡腿,kept
鸡腿酥,鸡腿酥,kept
鸡蛋(白皮),鸡蛋(白皮),kept
鸡蛋(红皮),鸡蛋(红皮),kept
鸡蛋白,鸡蛋白,kept
鸡蛋白(乌骨鸡),鸡蛋白(乌骨鸡),kept
鸡蛋白(来亨),鸡蛋白(来亨),kept
鸡蛋粉,鸡蛋粉,kept
鸡蛋蛋白粉,鸡蛋蛋白粉,kept
鸡蛋黄,鸡蛋黄,kept
鸡蛋黄(乌骨鸡),鸡蛋黄(乌骨鸡),kept
鸡蛋黄(洋鸡蛋),鸡蛋黄(洋鸡蛋),kept
鸡蛋黄粉,鸡蛋黄粉,kept
鸡血,鸡血,kept
鸭,鸭,kept
鸭,鸭,kept
鸭(公麻鸭),鸭(公麻鸭),kept
鸭(北京填鸭),鸭(北京填鸭),kept
鸭(北京烤鸭),鸭(北京烤鸭),kept
鸭(母麻鸭),鸭(母麻鸭),kept
鸭心,鸭心,kept
鸭掌,鸭掌,kept
鸭条,鸭条,kept
鸭油(炼),鸭油(炼),kept
鸭皮,鸭皮,kept
鸭翅,鸭翅,kept
鸭肉(胸脯肉),鸭肉(胸脯肉),kept
鸭肝,鸭肝,kept
鸭肝(公麻鸭),鸭肝(公麻鸭),kept
鸭肝(母麻鸭),鸭肝(母麻鸭),kept
鸭肠,鸭肠,kept
鸭肫(公麻鸭),鸭肫(公麻鸭),kept
鸭肫(母麻鸭),鸭肫(母麻鸭),kept
鸭胰,鸭胰,kept
鸭舌,鸭舌,kept
鸭蛋,鸭蛋,kept
鸭蛋(咸),鸭蛋(咸),kept
鸭蛋白,鸭蛋白,kept
鸭蛋黄,鸭蛋黄,kept
鸭蛋黄(咸),鸭蛋黄(咸),kept
鸭血(公麻鸭),鸭血(公麻鸭),kept
鸭血(母麻鸭),鸭血(母麻鸭),kept
鸭血(白鸭),鸭血(白鸭),kept
鸽,鸽,kept
鹅,鹅,kept
鹅油卷,鹅油卷,kept
鹅肝,鹅肝,kept
鹅肫,鹅肫,kept
鹅蛋,鹅蛋,kept
鹅蛋白,鹅蛋白,kept
鹅蛋黄,鹅蛋黄,kept
鹌鹑,鹌鹑,kept
鹌鹑蛋,鹌鹑蛋,kept
鹌鹑蛋(五香罐头),鹌鹑蛋(五香罐头),kept
鹌鹑蛋(熟),鹌鹑蛋(熟),kept
鹌鹑蛋黄,鹌鹑蛋黄,kept
麒麟鸟,麒麟鸟,kept
麦乳精,麦乳精,kept
麦穗鱼,麦穗鱼,kept
麦饭石啤酒,麦饭石啤酒,kept
麸皮,麸皮,kept
麻哈鱼,麻哈鱼,kept
麻团,麻团,kept
麻子,麻子,kept
麻烘糕,麻烘糕,kept
麻花,麻花,kept
麻醉瓜,麻醉瓜,kept
麻香糕,麻香糕,kept
麻鸡,麻鸡,kept
黄姑鱼,黄姑鱼,kept
黄婆鱼,黄婆鱼,kept
黄婆鸡(鱼),黄婆鸡(鱼),kept
黄毛籽,黄毛籽,kept
黄河蜜瓜,黄河蜜瓜,kept
黄油,黄油,kept
黄油渣,黄油渣,kept
黄瓜,黄瓜,kept
黄瓜(甜辣),黄瓜(甜辣),kept
黄瓜(酱),黄瓜(酱),kept
黄皮,黄皮,kept
黄皮果,黄皮果,kept
黄秋葵,黄秋葵,kept
黄米,黄米,kept
黄花菜,黄花菜,kept
黄花鱼子,黄花鱼子,kept
黄蘑,黄蘑,kept
黄蛋糕,黄蛋糕,kept
黄螺,黄螺,kept
黄豆玉米面,黄豆玉米面,kept
黄豆粉,黄豆粉,kept
黄豆芽,黄豆芽,kept
黄酒,黄酒,kept
黄酒,黄酒,kept
黄酒,黄酒,kept
黄酒(13度),黄酒(13度),kept
黄酒(绍兴15),黄酒(绍兴15),kept
黄酒肉(羊肉),黄酒肉(羊肉),kept
黄酱,黄酱,kept
黄颡鱼,黄颡鱼,kept
黄鲂,黄鲂,kept
黄鳍鱼,黄鳍鱼,kept
黄鳝,黄鳝,kept
黄鳝(鳝丝),黄鳝(鳝丝),kept
黄鹤楼酒(39度),黄鹤楼酒(39度),kept
黑木耳,黑木耳,kept
黑木耳(水发),黑木耳(水发),kept
黑枣(无核),黑枣(无核),kept
黑洋酥,黑洋酥,kept
黑米(稻米(紫)),黑米(稻米(紫)),kept
黑芝麻,黑芝麻,kept
黑豆,黑豆,kept
黑鱼,黑鱼,kept
黑鲷,黑鲷,kept
黑麻香酥,黑麻香酥,kept
龙眼,龙眼,kept
龙虾,龙虾,kept
龙谷,龙谷,kept
龙豆,龙豆,kept
龙须菜(腌制),龙须菜(腌制),kept
